{"cameraMode":{"drawMode":0,"name":"Shaded","section":"Shading Mode"},"sceneLighting":false,"audioPlay":false,"sceneViewState":{"m_AlwaysRefresh":false,"showFog":true,"showSkybox":false,"showFlares":true,"showImageEffects":true,"showParticleSystems":true,"showVisualEffectGraphs":true,"m_FxEnabled":true},"in2DMode":false,"pivot":{"x":0.13583046197891236,"y":1.191796898841858,"z":-0.04553872346878052},"rotation":{"x":0.2286503165960312,"y":0.049911096692085269,"z":-0.011739427223801613,"w":0.9721596837043762},"size":3.328176736831665,"orthographic":false}