{"cameraMode":{"drawMode":0,"name":"Shaded","section":"Shading Mode"},"sceneLighting":false,"audioPlay":false,"sceneViewState":{"m_AlwaysRefresh":false,"showFog":true,"showSkybox":false,"showFlares":true,"showImageEffects":true,"showParticleSystems":true,"showVisualEffectGraphs":true,"m_FxEnabled":true},"in2DMode":false,"pivot":{"x":0.22137081623077393,"y":1.0480740070343018,"z":0.08456863462924957},"rotation":{"x":0.399799108505249,"y":0.0068698846735060219,"z":-0.0029971005860716106,"w":0.9165731072425842},"size":1.2771155834197999,"orthographic":false}