{"cameraMode":{"drawMode":0,"name":"Shaded","section":"Shading Mode"},"sceneLighting":true,"audioPlay":false,"sceneViewState":{"m_AlwaysRefresh":false,"showFog":true,"showSkybox":true,"showFlares":true,"showImageEffects":true,"showParticleSystems":true,"showVisualEffectGraphs":true,"m_FxEnabled":true},"in2DMode":false,"pivot":{"x":-0.33866798877716067,"y":0.5933663845062256,"z":2.9092743396759035},"rotation":{"x":-0.41441887617111208,"y":0.5135436058044434,"z":-0.31120049953460696,"w":-0.6838749051094055},"size":5.391375541687012,"orthographic":false}